"","reviews","points"
"1","그렇게 변호사가 된다. 범죄드라마에서도 통하는 고레에다스타일~  ","7"
"2","인간이 지키려 안간힘을 쓰는 합리주의 이성관에 대한 물음을 던져주는 영화.  ","10"
"3","집 근처 광화문 시네큐브에서 나오자 마자 달려감.. 이런 영화좀 많이 걸렸으면 좋겠다.. 생각이란 걸 할 수 있게 몰입할 수 있는 영화.. 너무 흥미롭게 봤다. 근래에 본 영화 중 최고였다! 이러쿵 저러쿵 스포 안할게요 그냥 보세요.  ","10"
"4","관람객결국 재판도 부족한 인간이 내리는 결정에 지나지 않는다  ","8"
"5","관람객야쿠쇼 코지의 괴물같은 연기! 거짓으로만 지킬 수 있는 진심.  ","9"
"6","관람객면회실 대화 씬은 컨디션이 좋아야 졸지않을수있다  ","6"
"7","영화를 본 후 굉장히 긴 여운을 준다 장면을 곱씹고 대사를 생각하고..정리하고 나니 다시 또 보고 싶어진 영화  ","10"
"8","크레딧이 다올라가고 청소하고있는데도 심야로 들어온 5명이 각자의 자리에서 깊은 생각에 빠져있었습니다. 마지막 장면은 그야말로 압권...!  ","10"
"9","도대체 진실이 뭔가? 지금도 그생각뿐....  ","8"
"10","관람객안개 속에서 명확하게 전달한 영화  ","10"
"11","죽어마땅한사람. 그건 각자만의 잣대인가, 정말 타당하게 그런것인가  ","10"
"12","관람객아무도 법정에선 진실을 말하지 않는다  ","8"
"13","관람객&#39;세 번째 살인&#39;, 그 제목을 곱씹다.  ","7"
"14","관람객누구를 심판하느냐는 누가 정하는거조ㅡ  ","6"
"15","감춰진 진실의 여백을 골똘히 휘저어 놓는다.  ","9"
"16","관람객연출적인 장치는 충실하지만, 말하고자 하는 바는 후반부로 갈 수록 옅어진다  ","6"
"17","관람객고레에다.히러카즈의 색다른 분위기의 영화 그러나 그 속에서 드러나는 고레에다만의 색채... 그렇지만 따뜻한 가족영화가 그립기도 한...  ","8"
"18","범죄자 미스미의 기쁨, 즐거움, 슬픔, 분노를 통해 시게모리 변호사의 사고에 변화가 생기는 일종의 성장 드라마라고 볼 수 있을듯. 그걸 보는 관객도 여러가지를 생각하게 만드는 수작. 미스미 연기 되게 잘함.  ","9"
"19","고레에다 히로카즈 감독의 거침없는 변화가 낳은 ‘차가움’, 그 ‘차가움’은 영화를 보는 내내 얼얼하게 만든다  ","8"
"20","재판장이나 살인자나 똑같.. 일부 인간이 만든 약속으로 죄인으로 평가하고 벌을 내린다 본래 동물은 각자의 방법대로 살아가고 선택할수있는데 인간이 모든걸 제지한다 신이 있다면 과연 인간끼리 만든 죄를 나라마다 법도 다른데 그걸로 벌을 줄까?  ","8"
"21","관람객환상의 빛을 떠올리게 하는. 그의 묵직한 작품. 빛은  군데군데 보인다. 심판하는 자는 누구인가. 본 후, 몇개의 장면과 대사가 오버랩된다. 수작.  ","9"
"22","두번의 살인자를 세번째로 죽이는 건  진실보다 법리에 치중한 법정이며, 소녀를  보호하고 죽음을 택한 피고의 의도를 묵인해준 변호사가  느끼는 세번째 살인자로서의 죄책감.  ","10"
"23","누가 왜 그랬는지는 흐려지고 결과만 남는다.인간이 인간을 심판할 수 있을까에 대한 법에 대한 원초적인 질문  ","9"
"24","시게모리는 미스미를 이해하려하지만 애초부터 두 사람은 &#34;그릇&#34;이 달랐다 죽어 마땅한 사람은 있는것일까. 이 영화는 다른 누군가의 힘을 빌리지않고 스스로가 심판하는 사람이 된 미스미의 대한 이야기가 아닐까싶다 자기 스스로를 심판하는것마저도.  ","9"
"25","관람객도대체 진실이 뭐지? 진짜 궁금하다...  ","9"
"26","관람객라쇼몽 같은 영화. 진실을 말하는 자조차도, 정말 온전한 진실을 아는 건 아닐지도 모른다는 생각이 들었습니다.  ","9"
"27","와 남주 둘이 한화면에 나와서 말없이 바라만 봐도 숨이 막히네요. 대박영화!  ","10"
"28","관람객너무 산만해서 메세지들이 흩어진다 그럼에도 생각할거리는 많이 던져준다  ","6"
"29","본인이  진술을 번복하였다고 한들 증거도 없는데 사형을 그리 쉽게 판결할수가 있나요?  분명 자백 말고는 증거도 없다던데?  범인이 맞다면 안죽였다고 변호사에게 말하면서 자기를 믿냐고  묻는건 왜인지도 아리송하구만요  ","8"
"30","이용철 평론가의 딱 와닿는 평론 한마디 &#39;깊이 파다 절로 만들어진 미로&#39; 영화보고 나서 딱 이 느낌.  ","7"
"31","관람객배우들 연기와 촬영이 매우 볼만하다.  ","7"
"32","감히 역대 최고의 명작이라 할수있겠다 두시간 내내 나를 조여오는 졸음을 이기는 나를 발견하고 스스로 자아를 실현했다  ","10"
"33","생각하고 생각하고.. 영화 보는 내내 엄청난 몰입도로 감상했음.. 대사 하나하나가 미쳤다고 밖에..  ","10"
"34","관람객뭐가 진실이지? 만 생각하며 보던 나의 뒤통수를 쳤다  ","8"
"35","반전의 반전이 거듭된다기 보다는 진실과 거짓의 평행선을 달린 기분이다. 야쿠쇼 코지의 철장살 명연기는 양들의 침묵 안소니 홉킨스를 연상시킨다. 믿고 싶은 것을 믿으려 하는 것, 그것은 비단 정치와 종교까지 이어지지 않는가.  ","8"
"36","그렇게 모두 세번째,네번째 살인의 방관자가 된다..법조계라는 배의 목적지는 어디인가..진실과 거짓을 앞에 두고 그것을 구분할 수 있을까..? 마지막 두 주인공의 얼굴이 겹치는 장면의 몰입감은 일품  ","10"
"37","같은 이야기도 고레에다가 하면 깊어지는.  ","9"
"38","평점줄때 시좀 쓰지마라  ","8"
"39","그냥 내가 범인 할란다.  ","6"
"40","관람객영화보는 내내 왜일까라고 계속 생각했는데 영화 끝나고나서도 여운이 많이 남음.  ","10"
"41","관람객죄를 저울질 하는 것. 죄를 심판하는 것은 누구인 가. 누가 그를 믿는 가.  ","7"
"42","생각은 하게 만들었지만 답도 없는  ","5"
"43","사건 자체는 범인이 왜 죽인건지, 정말 죽이긴 한 건지, 어떤 결론이든 다 어설프게 짜맞춰져서 그냥 혼돈의 카오스 그 자체임 사건이 중요한게 아니라 사람이 사람을 재판하는 사법제도의 구멍 같은 것을 표현하려고 그런 듯  ","3"
"44","관람객히로세 스즈의 연기가 압권  ","8"
"45","세상에 정답이 뭐가 있나~ 이 영화가 완전 지루하단건 정답~ 그럼에도 연출이나 음악이 고급지고  세련됐다는것도 정답~  ","8"
"46","이세상에 법과 정의란 존재하는가? 진실이 중요하지 않은 무서운 세상. 고레에다식 담담한 연출과 연기가 압권!  ","8"
"47","두 배우의 면회씬이 인상적. 생각해봄 직 한 화두. 친절하진 않지만  정갈한 연출과 열연이 평작 이상의 완성도를 보여준 작품.  ","7"
"48","야쿠자 살인, 사장 살인,  법을통한 나 자신을 살인(사형선고) 이렇게 세번째 살인인가?  ","8"
"49","닝겐은 자신이보고싶은것만보고 믿고싶은것만믿게된다  ","8"
"50","우리는 믿는 것은 진실이 아니라 진실이라는 이미지일 뿐. 심판하는 자와 심판받는 자를 나누는 것도 &#39;진실&#39;이 아니라 우리다.  ","9"
"51","미스미 나름의 재판이 아니었을까.  ","8"
"52","그냥 저런 법정물이 아니다영화가 끝난 후에 더욱 혼란스럽다  ","10"
"53","영상미, 음악, 대사, 연기, 사색하게 만드는 구성 정말 훌륭한 일본 영화였습니다.  ","10"
"54","관람객고레에다 영화를 너무나 좋아하는 사람중에 하나인데요세번째 살인은 전작들의 영화에 비해 조금 무겁고 어려웠던 거 같아요 하지만 감독이 말하고자 하는 이야기가 깊은 울림이 잇었어요 배우들의 연기도 너무 좋았습니다  ","9"
"55","관람객한편의 연극 같았던 영화. 모든 배우 연기가 좋았지만  야쿠쇼 코지 연기는 오래 기억에 남을 것 같다  ","9"
"56","관람객히로카즈 영화 같은듯 같지 않은 영화  ","7"
"57","관람객어느정도는당근해주는데 좀 졸리다. 집중하기 5프로부족  ","7"
"58","그간의 작품들과 조금 다른 행보지만, 여전히 박수를 보내고 싶은 고레에다 히로카즈. 한 쉬도 쉴틈 없이 영화에 빠져들었다.  ","10"
"59","정말 여운이 많이남고 처음부터 끝까지 너무 재밋고 돈이 아깝지않고 시간이 아깝지않은 영화네요 많이들보세요  ","10"
"60","관람객엄청 무겁고 지루하게 끌고나간 스토리는 사실 굉장히 무거운 주제를 다룬 것 같이 포장했지만 결국 뻔한 주제의식. 감독만 믿고 영화를 고룬 폐해  ","2"
"61","범죄스릴러인줄 알았는데 철학영화  ","6"
"62","오로지 두사람의 대화만으로 몰입하게 하는 신통한 영화..변호사가 된 아버지인가..^  ","7"
"63","아 한번만 봐서는 아쉬운점이 잇는 다시 꼭꼭 씹어 보고싶은 영화  ","10"
"64","관람객프리즈너스. 누가누구를 심판해야하는가.  ","8"
"65","진실이 무엇인가를 끝임없이 생각하게 만드는영화. 일본영화 잘 좋아하지 않는데.., 이 영화는 추천.!  ","8"
"66","뭐 자신이 저지른 범죄에 나름대로 이유야 있겠지만은 별로 양심의 가책은 못느끼는 모습을 보니(제가보기엔) 참..과거 일본의 전쟁범죄의 태도와 많이 닮아있는 모습에...놀랍습니다  ","6"
"67","관람객고레에다 새로운 발견.  ","7"
"68","진실을 감추기 위한 배우들의 무게감. 무겁지만 또한 무겁지만도 않다.  ","8"
"69","마지막 십자가(사거리) 위 에 선 시게모리의 잔상이 남는다.  ","9"
"70","누굴 심판하느냐는 누가 정하는거죠 . 복잡했던 머리가 이완되고 속이 시원해지면서 더 복잡해졌다 .  ","8"
"71","꼭꼭 숨겨져 있는 진실의 구덩이  ","7"
"72","최고의 배우와 최고의 감독으로도 이렇게 진부한 영화가 될 수 있구나 싶다. 볼만은 하다  ","7"
"73","질문은 감독 내고...답은..관객몫...정답을 모르겠다  ","8"
"74","영화 보고 느낀점은 살인자가 불쌍하거나 피해자가 불쌍한게 아닌 주변인들이 불쌍하다.결국은 피해자는 주변인들이다.이런 느낌을 받았다.  ","7"
"75","진실은 무엇인가 고민하게 된다.  ","7"
"76","뭐지 이 영화... 데이비드 게일의 일본판 같은데 영상화법이라던지 참 잘 만들었다. 일본배우들은 참 연기를 잟하는듯  ","10"
"77","큰 파도는 없지만 이정도만 해도 일본영화중 괜찮은 작품이다  ","6"
"78","난다 고레        야레야레 혼또니 난다고레  ","9"
"79","재밌게 봤음. 결론 안내는 건 안겠는데 그래도 악수했으면 알려줘야지~  ","7"
"80","사건에 대한 진실은 중요하지 않네. 진짜 중요한건 인간의 생사에 관한 질문이네.  ","8"
"81","과장되지 않은 잔잔한 연기로 관객의 심리를 꿰뚫은 이런 일본 법조 영화가 좋더라  ","9"
"82","간만에 제대로 된 일본영화를 봤다  ","10"
"83","선택의 여지 없이 시작된 인간의 삶을 다른 이가 평가하고 심지어 심판하고 끝낼  수 있을까  ","9"
"84","관람객뒤늦게서야 다시 생각나는 히로카즈의 마법  ","10"
"85","호불호가 많이 갈리는 영화일 듯 합니다. 확실한 답(엔딩)을 원하시는 분들께는 비추인 영화지만 개인적으로 정말 많은 생각을 하고 봤네요. 영화의 제목인 &#34;세 번째 살인&#34; 의미심장하네요.  ","8"
"86","무난하다고 본다...  ","7"
"87","관람객굿구숫그수ㅛ구ㅛ러차라차타  ","10"
"88","이토록 놀라운 영화. 감독. 여운이 가시질않고 생각을 멈출수 없다.  ","10"
"89","거짓말을 잘하는 살인자.  ","8"
"90","내용 어렵다 몰입력은 있는데 아 리뷰보러가야지  ","8"
"91","이성과 감각사이 그 어딘가 존재할 진실. 그 폭을 느끼는 것으로 우린 진실을 느낄수 있다.  ","8"
"92","구원은 누구나 할 수 있다.  ","10"
"93","진실의 실체는 없다 믿음과 불신의 차이  ","9"
"94","관람객믿고 보는 고레에다 히로카즈  ","8"
"95","관람객우리는 누구를 무엇을 어떠한 권리와 믿음으로 심판할 수 있는걸까.  ","10"
"96","고레에다 감독의 스릴러 영화잔잔하게 이야기 진행. 엔딩이 좋았다  ","6"
"97","관람객과연 진실이 무엇인지.. 여운이 남긴 하지만 솔직히 중간에 좀 졸렸다  ","8"
"98","관람객진실은  누가 정하는 것인가, 사람들은 진실에 관심은 있는 걸까  ","8"
"99","관람객세번째 살인  두분의 연기력에 흡입되었네요  ","10"
"100","관람객여운이 많이 남는다. 머릿속도 몹시 복잡하고.  ","8"
"101","관람객지금까지의 고레에다 히로카즈 감독의 영화를 기대하고 보다가 깜짝 놀랐다. 사실 보는 내내 적응하기가 힘들었던 것은 사실이지만 좋은 시간을 보내고 극장을 나왔다. 이번 영화 이후로 고레에다 히로카즈 감독의 다음 영화는 어디로 방점을 찍을지 궁금해졌다.  ","8"
"102","진실이 중요한게 아니였다.좀 졸았다  ","9"
"103","관람객믿고보는 고레에다 히로카즈 영화!  ","10"
"104","관람객진실은 하나밖에 없다. 우리가 진실을 알 수 없다는.  ","9"
"105","관람객믿고싶은 가치와 구하는 진실이 현실과 다르고 엇갈리는 진실의 안타까움.  ","10"
"106","관람객고레에다 영화 중 언성이 가장 높았던.  ","9"
"107","관람객내내 깊이 집중하고 긴 생각의 여운을 남기게 한 영화. 생과 사의 경계는 너무나 선명해서 영화만큼 사유하는 세계가 되지 못하다는..  ","8"
"108","관람객긴 여운이 남는 영화였다.  ","10"
"109","관람객용산 cgv에서 볼려다가 놓쳐서 시네큐브에서 본영화 영화를보고 여운을 주는 영화.,  ","7"
"110","관람객감독에 대한 믿음으로 감상, 전작 대비 영화적인 성취는 돋보였지만 내 취향의 중심이었는지는 잘 모르겠다  ","7"
"111","관람객이런 법정 영화는 처음이다  ","8"
"112","관람객인간을 심판하는 존재가 인간인지, 법인지에 대한 질문에서부터, 그 심판의 참과 거짓을 어떻게 판단해야 하는지, 나아가 진실이 무엇인지에 대한 단순하지만 선뜻 정의할 수 없는 질문을  계속해서 던집니다.  ","10"
"113","관람객언제 진실이 중요했던 적이 있니.  ","9"
"114","관람객어쩌면 모두 같은 생각을 했을 수도 있겠다  ","10"
"115","관람객아무도모른다 후편같아요~  ","8"
"116","관람객재판의 정당성 등을 고민하게 하는 의미있는 영화  ","9"
"117","관람객두 주인공의 눈빛이 모든 걸 말해주네요.마지막 후쿠야마마사하루가 서 있던 갈림길이 마음에 남습니다.  ","10"
"118","관람객장르가 달라도 감독본인스타일이 확실히 들어있는 영화였습니다.  ","9"
"119","후반부는 너무 천재적이다  ","9"
"120","관람객어렵지만 곱씹으며 이야기할거리가 많고 생각할게 많은 영화, 전작과 완전히 다른 느낌이지만 여전한 멋진 영상미로 놀라운 영화  ","8"
"121","관람객아크릴 창문 하나를 두고 대면하는 장면들의 몰입도가 남다르다  ","9"
"122","관람객고레에다 히로카즈 감독의 섬세한 연출과 문학적 은유가 반짝인 걸작! 그는 천재다!  ","10"
"123","관람객기존의 고레에다 감독님의 스타일이 아니라서 낯설고 영화 자체도 어렵네요~ 친절한 영화는 아니지만 깊게 생각하지 않고 보이는대로 보시면 좋을듯요~  ","6"
"124","관람객영화를 보고 나오며 어떤 커플이 그래서 누가 죽인건데? 이 주제에 대해 갑론을박을 하던데, 이들은 영화가 말하고자하는 바와 동떨어져 있다는 생각이 들었다. 누가 죽였는지는 중요치 않다. 각자의 입장에 따라 진실의 모습이 변하는 것에 영화의 주제가 있다  ","9"
"125","필요 없는 생명이란 존재하는가. 생명을 단죄할 정의란 존재하는가. 애초에 정의란 무엇인가.  ","7"
"126","불면증에 대박추천영화  ","6"
"127","지루하고, 지루하고, 지루한 영화...  ","5"
"128","일본 영화 답지 않게 굉장히 차분하게 끌고 가지만 재미가 없음  ","6"
"129","점점 빠져드는 거 같으면서도 약간 지루한면도.. 보면서도 뭐가 진실인지 헷갈림. 범죄 심리 추리인 듯 하다가도 미스터리. 결국 마지막까지 뭐가 진실인지 확답은 보여주지 않는다. 각자 유추는 해봄직 하지만.. 여운이 많이 남는 영화. 좀 찝찝하기도...  ","6"
"130","언젠가부터 믿고 걸러야  하는 후쿠야마 마사하루의 영화와 드라마  ","7"
"131","고레에다감독 영화는 그냥보면 된다.  ","10"
"132","두 얼굴의 가면 차디찬 폭넓은 미로의 진실  ","7"
"133","관람객글쎄요.. 일본영화가 결말을 작정하고 모호하게 만들면 이런 영화가 된다는 느낌??  ","6"
"134","새롭게 본 영화이며 조금 졸면서 보았네요  ","7"
"135","씨네큐브에서 관람. 생각보다 너무 좋았다. 원래 기대도 많이 했지만, 그것을 뛰어넘는 클라스. 너무 집중해서 머리가 아플 정도. 야쿠쇼 코지.... 두 말이 필요 없음.  ","10"
"136","영화가 끝나고 머릿속에 생각과 감정들이 너무 많이 남아 다 표현하려면 A4 용지 30장이 필요할 것 같았다.  ","9"
"137","고레에다 히로카즈가 던지는 인간에 대한 질문들... 과연 진실은 우리에게 무엇을 말해주는가. 아니, 우리에게 진실이 필요한가.  ","9"
"138","역시. 믿고보는 감독.. ㅗㅜㅑ  ","10"
"139","아..  네이평 평점보고 방금 봤는데... 아.. 이거 뭐~ 킬링타임용도 안되는 시간낭비, 전기세 낭비  ","1"
"140","평론가가 딱 좋아할 영화. 뭔가 미스터리하고 반전있는 영화인줄 알았는데....흠  ","5"
"141","그래서 범인은 절름발이임?  ","8"
"142","고레에라 히로카즈의 진화  ","10"
"143","관람객생각보다 지루한 부분이 많았고 결말이 아리송해서 찜찜한 기분이었다.  배우들의 연기나 대사는 좋았다.  ","6"
"144","관람객아쉬웠어요 ㅠ.ㅜ 새로운 변화는 지지합니다  ","7"
"145","심오한척하고 있네. 그냥 멋만 부린거야. 왜본거야 이걸.  ","4"
"146","평점이 지나치게 높다. ㅈ도 아닌걸 뭔 멋 부린다고 무게는 잔뜩 잡고 있는지...  ","1"
"147","진실과 믿음 중에서 우리에게 더 필요한 것은 무얼까?  ","8"
"148","고레에다 감독은 몇 안되는 일본 영화계의 보물 이다  ","9"
"149","초중반부가 너무 지루했으나 전체적으로는 좋았다  ","7"
"150","관람객나는 좋았는데 같이 간 가족 세 명은 실망.  ","8"
"151","고레에다식 데드맨 워킹  ","7"
"152","관람객법이란게, 그리고 사람이 사람을 판단한다는게 얼마나 불완전한 것인가  ","10"
"153","관람객법에 의해 좌지우지되는 인간의 삶, 해석은 개인의 몫  ","8"
"154","관람객시선과 그려내는 룩은 좋았으나. 장르가 맞지 않은 느낌은 지울 수가 없다.  ","8"
"155","비행기 안에서 보다 말았음...결론이 보고 싶네.  ","8"
"156","관람객감독과 배우 믿고 봄. 감독의 다른 영화가 궁금해진다  ","8"
"157","관람객배우들 연기와 카메라 숏들의 배치 대사 등이 좋았고 히로카즈 영화 답게 사소한 디테일들이 잔상으로 남았던 영화.  ","8"
"158","관람객시간을 물어보는 사람에게 시계가 어떻게 움직이는지를 설명해줄 필요는 없다. 철학을 물어보는 관객에게 감독은 진실이 무엇인지를 설명해줄 필요는 없다.  ","10"
"159","관람객범죄자로서가 아닌 하나의 인간으로 범인을 점점 이해하(고 동정하)는 듯 하지만 마지막에 다다러선 변호사가 (창문에 비친) 범인과 얼굴을 묘하게 겹치고 있다 분리시키는 장면을 보니 그게 생각처럼 쉬운 일이 아니라는 것을 말하는 듯 했네요...  ","8"
"160","관람객연기는 더없이 디테일하고 배우들의 전에 보지 못한 얼굴을 본 느낌. 감독이 어떤 경유로 이런 이야기를 생각해냈는지 궁금해진다. 야쿠쇼 코지는 감독이 표현하고자 한 인물을 넘어서 끝까지 밀고간 느낌.  ","8"
"161","관람객고레에다 히로카즈  감독이 나에게 안겨준 복잡한 감정..  ","6"
"162","관람객시작할 때 아저씨 표정이 무서워요  ","8"
"163","관람객파이이야기가 생각나는 결말  ","8"
"164","관람객다음 영화는 또 어떨지 궁금허다  ","6"
"165","관람객많은 걸 던져주고 많이 담아가지고 갑니다~~^^  ","10"
"166","관람객영호ㅏ를 다 보고 나서도 뭔지 모르겠다  ","8"
"167","관람객감독은 무얼 전달하고 싶었던걸까.jQuery224005922181368805468_1516441553106  ","6"
"168","관람객고요하지만 밀도 높은 영화. 고레에다 특유의 섬세한 긴장감이 살인사건 재판이라는 차갑고 딱딱한 사건에 드리워지며 치밀하게 쫓고있던 진실은 흐려지고 대신 감독의 목소리가 또렷하게 떠오른다.  ","8"
"169","관람객와....소르...ㅁ  ","10"
"170","관람객제목과 함께 &#39;살인&#39;의 정의에 대해 생각해보게 하는 영화. 꼭 찔러죽여야만 살인은 아니다.  ","8"
"171","관람객재밌게 보았습니다 잘 봤습니다.  ","10"
"172","관람객별 거 없이 어렵다.생각이 많아지는 영화.별 얘기는 없는..  ","9"
"173","관람객진실은 무엇이고 누가 판단하는가  ","8"
"174","관람객고레에다가 던지는 무거운 화두와 그에 걸맞는 탁월한 연출  ","10"
"175","관람객간만에 생각하게 만드는 영화를 봤네요. 재밌어요.  ","9"
"176","관람객와아 연출은 말할것도 없고 연기부터가 ㄷㄷ  ","10"
"177","관람객고레에다 감독영화는 믿고본다배우보는맛도 있고^^이치가와가 나온것도 좋았다  ","8"
"178","관람객고레에다 월드여 영원하라... :)  ","10"
"179","관람객잘못의 감정과 잘못을 책임지는 행위에 대한 질문을 끊임없이 해야 한다.  ","8"
"180","관람객고레에다 감독 만의 특유한 정서가 돋보인 영화  ","8"
"181","관람객조금 졸렸으나 여태 했던 작품들과는 다른장르라 신선했다  ","7"
"182","관람객고레에다 히로카즈도 스릴러가 가능하다!  ","10"
"183","관람객여러 장면을 곱씹게 만든다. 무엇이 진실일까.  ","7"
"184","관람객여유이 깊은 영화 , 천천히 다시 한번 더 보고싶네요  ","10"
"185","관람객생각할 부분이 많은 영화.재미와 사건을 기대한다면 실망할수도.  ","7"
"186","관람객영화에서 가장 평화로운 장면마저도 차갑다. 모든 등장인물에게 드리워진 빛과 어둠. 백프로 이해하긴 힘들지만 배우들의 연기와 미장센을 보는 것만으로 충분한 가치가 있는 영화였다.  ","8"
"187","관람객세번째 십자가의 장면이 기억이 남는다.  ","9"
"188","관람객많은생각을하게만드네요  ","9"
"189","관람객지금까지 내가 믿어왔던 것들이 과연 맞다고 장담할 수 있는가라는 질문을 스스로에게 던져보게 하는 영화.  ","10"
"190","관람객이 감독은 역시 다르다 배우들도  ","10"
"191","관람객누가 인간을 심판하나?  ","10"
"192","관람객간만에 빠져들면서 본 일본영화!  ","8"
"193","관람객한국판 곡성을 보는듯 했습니다.  ","7"
"194","관람객누가 죽였는지 알고 싶다~  ","9"
"195","관람객상영 시간 내내 몰입해서 볼 수 있었습니다. 많은 것을 생각하게 하는 영화였습니다.  ","10"
"196","관람객오히려 보고 나서 생각이 더 많이 들게 되는 영화  ","8"
"197","관람객시간의 흐름에 따른 주인공의 심리묘사살인자를 연기한 배우의 표정연기 등디테일이 돋보이는  ","9"
"198","관람객역시 고레에다 감독!!  ","10"
"199","관람객해설이 필요한 영화. 보고나면 머리 아픈 영화. 그럼에도 불구하고 고레에다는 옳다.  ","8"
"200","관람객느린 템포로 생각할 거리를 많이 던져준다.  ","8"
"201","관람객잘 봤습니다. 많은 생각을 하게 만드네요.  ","10"
"202","관람객재밌어요 감독 다음작품이 기대돠네요  ","10"
"203","관람객다른 시도, 나쁘지 않았습니다  ","8"
"204","관람객재미있다정말정말정말정말  ","10"
"205","관람객선악의 이분법을 넘어서  ","9"
"206","관람객태어나지 말았어야 할 사람도 있을까  ","8"
"207","관람객인간이란 존재에 대하여 근원적인 물음을 제시하는 영화라는 생각이 들었다.  ","9"
"208","관람객영화가 굉장히 흥미로웠다. 처음에는 여느 영화처럼 살인자가 분명한 살인 명분이 있을 것이라 생각하고 그것을 이해하려는 마음으로 보다가 어느 순간 그것이 흔들리면서과연 타인이 타인의 진실을 가리는것이 애초에 불가능이 아닌가 생각이 들었다  ","8"
"209","관람객자꾸되새겨보게되는그런영화  ","10"
"210","관람객다시 봐야만할 것 같은 기분이었다. 접견실 장면은 하나하나가 인상적이었으며 대사 역시 어느 하나 그냥 존재하는 것이 없었다.  ","10"
"211","관람객장르가 바뀌었어도 변함없는 고레에다 히로카즈의 힘!  ","10"
"212","관람객낯설고도 흥미로운, 이전이 없던 새로운 고레에다 히로카즈.  ","9"
"213","관람객자꾸생각하게되는영화 연출굿  ","10"
"214","관람객뻔한 거 같으면서도 달리 가는 결론.  ","8"
"215","관람객마지막에 머리 아프게 만들지만 또 보고 싶은 영화  ","9"
"216","관람객끝날때까지 머리가 복잡해지는 영화결론은 나 자신에게 맡긴것 같다  ","9"
"217","그래서 그들이 원한건 진실이였을까? 아니면 믿음이였을까?  ","8"
"218","관람객삶에 대하여 생각하게 되는 시간  ","8"
"219","관람객졸라잼있음 한번보세요  ","10"
"220","관람객기다렸던 고레에다 히로카즈 감독의 신작  ","9"
"221","그렇게 생각하려고 하니까 그렇게 느껴지고야만 더이상 중요하지 않은 진실의 모순  ","8"
"222","관람객평소 감독 특유의 가족 영화를 기대했다면 조금 낯설수있지만 영화가 담아낸 의미만큼은 역시 감독 특유의 깊음이 있다 느꼈습니다  ","8"
"223","관람객고레에다 히로카즈 작품  ","7"
"224","머리는 아팠지만 생각하게 한 영화  ","10"
"225","관람객깊은 밀도의 관계. 이성과 감정사이의 합리성. 하지만 뻔한 상징성으로  장식한 미장센.  ","7"
"226","관람객고레에다 감독의 새로운 스타일!  ","8"
"227","관람객가깝게는 사형제, 멀게는 진실에 대한 영화. 자, 이제 진실은 무엇인가. 아니, 당신은 진실이 정말 궁금하긴 했나.  ","10"
"228","관람객나는 걸어도 걸어도 태풍이 지나가고가 더 좋긴하지만  ","7"
"229","관람객인간의 이성과 사법 제도 심판 등에 의문을 던지는.영화... 고레에다 히로카즈의 치밀한 연출이 돋보인다  ","10"
"230","관람객줄거리는 심각한데 이상하게 나른해지는 영화.도대체 진실은 무엇인지?  ","7"
"231","관람객사실과 진실사이.우리는 어떤 것으로 판단할것인가?  ","8"
"232","관람객생각할수록 깊은 영화진실에 대해 사람에 대해 생각하게 되는 영화!연기도 이미지도 스토리도 훌륭합니다  ","10"
"233","관람객괜찮아요 전작과 분위기가 달라짐  ","7"
"234","관람객연기가 장난 아님!! 스토리도 탄탄하고 ㅎㅎ 고레에다감독은 믿고 보는 감독!!  ","8"
"235","관람객지루할 정도로 잔잔한 바닷가에 앉아 다가오는 해일을 맞이하는 중이다.  ","7"
"236","관람객좋은 스토리와 좋은 연기력이 더해져서 푹빠져들었어요  ","9"
"237","관람객차분하게 묻는 진짜 세번째 살인.  ","7"
"238","관람객진실과 사실은 무엇인가  ","10"
"239","수작! 우리 사회의 문제를 직시하면서 진실에 찬 가장 본질적이고 진심어린 질문을 던진다.  ","9"
"240","관람객스릴러를 빙자한 드라마. 그래도 고레에다히로카즈감독은 훌륭하다  ","7"
"241","사형이라는 세번째 살인에는 어떤 구원과 어떤 심판이 있는 것일까?  ","8"
"242","관람객오래된 주제를 서툰 방식으로 풀어낸다.  ","7"
"243","그렇게 환상의 빛이 된다  ","7"
"244","관람객믿음, 질문, 처벌 여러가지 생각이 드네요. 좋습니다.  ","8"
"245","관람객여러가지를 생각해 볼 수 있게 해주었고 재밌었어요  ","8"
"246","관람객미스미는 두 건의 살인 혐의를 받고 있는 피의자다. 그런데 왜 ‘세번째 살인’인가. 결말이 드러나는 순간 무릎을 탁치게 되는 물음. 고레에다 히로카즈가 이렇게 탁월한 밀당의 기술을 가졌다니.  ","9"
"247","관람객고레에다의 변화를 볼 수 있는 즐거움  ","10"
"248","관람객잔잔하고 묵직하다 인간에 대한 감독의 깊은 고민이 느껴짐  ","8"
"249"," 인간 존재의 의미와 관계, 그 깊이와 품격에 대해 고민하는 고레에다 감독 특유의 시그니처가 살아있는 영화.  ","10"
"250","관람객흥미진진합니다화이팅  ","10"
"251","관람객고레에다 히로카즈가 이렇게 난해했던가  ","8"
"252","관람객복잡다단한 진실, 하나의 단면만을 보고 판단하는 우리. 그것에 설령 사람의 목숨이 걸려있다 하더라도.  ","8"
"253","관람객진실이 무엇인지는 중요하지 않다. 각자가 믿는 진실만 있을 뿐.  ","8"
"254","관람객좀처럼 진실에 다가설 수 없기에 진실될 수 없는 믿음의 가벼움  ","8"
"255","관람객역시는 역시다-....  ","9"
"256","관람객감사합니다 잘 봤습니다  ","9"
"257","관람객배우들의 연기력에 몰입도가 컸습니다.묵직한 커피 한잔 마신 느낌이에요  ","10"
"258","관람객다소 적위적인 상황 설정을 빼면 집중해서 볼만한 영화 입니다  ","8"
"259","관람객계속 생각하면서 보게 되는 영화. 영화가 끝나도 생각이 멈추지 않는다. 서늘하고 쓸쓸하다.  ","7"
"260","관람객일본영화 특유의 분위기가 살아있는 영화  ","7"
"261","관람객무언가 많은 생각을 남기는 영화  ","7"
"262","그래서 뭐냐고 답을 끝까지 주지않지만 그과정에 충분히 빠져들게  만듬  무게있음. 육왕사장님 연기 좋앗다.  ","7"
"263","관람객연기와 영상이 훌륭하지만 조금 과한 호흡  ","7"
"264","관람객내가 믿으면 그게 진실이라는 대단한 착각  ","7"
"265","관람객묵직한 분위기와 배우들의 뛰어난 연기력 그러나 같은 파동의 연속  ","7"
"266","관람객묵직한 정통 드라마에 가깝다.  ","7"
"267","관람객다소 어려운 영화인것같습니다  ","7"
"268","관람객내가 잘 이해를 못한거 같다. 한번 더 봐야겠다.  ","7"
"269","관람객이 영화에서 한 가지 확실한 건 진실을 보고 시작한다는 것이다.  ","7"
"270","관람객재미있어요재미임ㅅㅇ요  ","7"
"271","관람객진실은 어디에 있는가, 과연 존재한다면 무엇을 믿어야 하는가...  ","8"
"272","관람객야쿠쇼 코지의 연기가 다음 장면에서는 어떻게 진행되는지 궁금할 정도로 몰입됐다  ","7"
"273","관람객감독의 기존 영화와는 사뭇 다른 영화지만 여전히 그의 스타일이 묻어나는 영화  ","8"
"274","관람객보여지는 진실, 혹은 보고싶은 진실  ","7"
"275","관람객진실이 무엇인가는 중요하지 않다  ","8"
"276","관람객법조계에 대한 날카로운 비판과 선과 악에 대한 끝없는 질문  ","7"
"277","잘만들었다 관객한테물음표를던지고 그걸 관객으로하여끔 이끌어가는영화  ","8"
"278","관람객지루하기 짝이 없다.  뭘 얘길할려고 무진 애를 쓰는데김독이 넘 진지했음.  ","7"
"279","관람객많은생각을하게했지만 감독님의새로운도전응원합니다.  ","7"
"280","관람객한국식 서스펜스를 기대하신다면 안됨. 지루하고 생각이 많고 배려가 많지 않은 영화  ","8"
"281","관람객잔잔하게 밀려오는 묵직한 메세지  ","7"
"282","관람객메시지는 분명하지만 전개는 다소 지루함~우리의 인식을 돌아보기에 적격  ","7"
"283","관람객카오스로 가득찬 재판장  ","8"
"284","관람객누가 살인자인가, 진실은 무엇인가  ","8"
"285","관람객다 보고 나야 세 번째 살인이라는 제목에 대해 이해하게 된다.  ","6"
"286","관람객고레에다 히로카즈 감독 세 번째 살인  ","8"
"287","관람객세번째 살인의 희생자는 누구인가에 대한 답을 생각하게 하는 영화  ","8"
"288","관람객그저 그랬습니다 저는 고레에다감독의 원래 색깔이 좋습니다  ","8"
"289","보고나면 그냥 그렇게 흘러보내지 않게 만드는 영화  ","9"
"290","관람객그래도 팩트는 존재한다...약간 감독에 놀아난 기분,,  ","7"
"291","관람객원경과 근경을 부드럽게 가로지르는 카메라가 만드는 생각의 밀실.  ","7"
"292","관람객진실은 없다. 진실이라고 믿는 신념만 있을 뿐이지.  ","9"
"293","관람객세 번의 십자가 세 번의 눈물  ","7"
"294","관람객충분히 날카롭고 기교 넘치지만 조금 더 정확했다면  ","9"
"295","관람객그래서 누가 범인이야..  ","7"
"296","The Third Murder  ","7"
"297","조금의 긴장감을 더했더라면 하는 아쉬움  ","7"
"298","관람객마지막까지 진실을 찾아가고 있었지만 결국 진실은 중요하지 않았다  ","7"
"299","관람객모든 구도, 모든 캐릭터, 그리고 하나의 사건과 관련된 부수적인 것들을 생각하게 만드는 영화  ","9"
"300","이른바 &#39;실체적 진실&#39;에 대한 묵직한 시선. 거장과 연기파 배우들의 만남.  ","7"
"301","관람객전개가 느려 조금 졸린것이 흠이지만 생각할것을 던져줍니다  ","7"
"302","관람객그 가정假定의 주체는 누구인가. 보고 들은 것을 토대로 진실을 유추하는 주체는 나, 사건의 주체가 아닌 내가 내린 그 판단을 과연 ‘진실’이라 말 할 수 있을까?  ","9"
"303","관람객많은생각을하게해주는  ","9"
"304","빈 그릇 같다는 인물평이 결국 영화이해의 중요한 말인듯... 근데 너무 모호하고 너무 어렵다  ","7"
"305","영화가 자꾸 진실이 무엇일까 질문을 해온다.. 진실은 어디 있는거지히로세 스즈 너무 예쁘다.  ","9"
"306","관람객상황,인물,인물의 말에 의심의 여지를 둠으로써 알아보는 심판의 의미. 하지만 나는 보는 내내 진실이 궁금했을 뿐  ","9"
"307","나의 죄는 내가 단죄한다.낯선 히로카즈지만 변화를 구하는 그에게 격려를...마시히루,코지 두 배우의 날선 연기가 압권이고 그 두배우를 담는 카메라가 강렬하다.  ","9"
"308","진실에 다가갈 수 없는 인간의 심판에 대해  ","7"
"309","우리는 법의 진실을 보고 있는 것인가?   거짓을 보고 있는 것인가?  ","9"
"310","관람객먼가 시그널을 보내는듯 아닌듯 애매....  ","7"
"311","관람객투더아아어아대지투터아나쥬아앙  ","6"
"312","관람객배우들 연기가 돋보이네요  ","9"
"313","관람객어쩌면 진실이란 본인에게만 중요한 것일지도 모르겠다.  ","9"
"314","관람객스릴있고 여러 생각을 하게하는, 잘 만든 작품입니다. 극찬!을 드리기에는 조금 아쉽다는 ㅠ  ","7"
"315","관람객음... 검사,판사,변호사 ... 그들은  달라야한다..  ","9"
"316","관람객생각을 많이 하게 만드는 영화입니다.잼있게 봤습니다~  ","7"
"317","전개가 다소 느슨해서 조금 지루하게 느껴질 수 있으나, 예상치 못한 반전이 지루함을 잊게 해준 것 같다. 많은 생각을 할 수 있는 좋은 영화!  ","9"
"318","관람객굉장히 모호한 영화고 해석의 여지도 많은영화다. 히로카즈 감독의 변신에는 박수를보내고싶은 영화였다.  ","9"
"319","관람객좋아하는 감독님이라 무조건 보러왔음 재미는 있는데 어렵다 꽈배기처럼 말린느낌? 심오해  ","8"
"320","관람객생각이 많아지게 만드는 영화네요. 자극적인 사건묘사가 없어서 좋습니다.  ","8"
"321","관람객인생의 의미를 알게되었다  ","9"
"322","상당히 괜찮았는데 왜 전문가 평점이 7점도 안 되는지 몰겠다.  ","8"
"323","관람객재미있었어요. 연기가 멋있었어요.  ","8"
"324","관람객정말 재미있게 관람했습니다 좋은 영화 고맙습니다  ","7"
"325","불완전한 인간이 같은 인간을 재판할수있는가에대한 물음  ","9"
"326","관람객고레에다 아직 안죽었다의 느낌좋은 영화입니다  ","8"
"327","관람객정말 좋은 영화였습니다  ","8"
"328","관람객진실이 뭘까..끊임없이 묻게 되는 영화. 네 갈래 길 위에서 끝나는 라스트 장면이 길게 남을듯...  ","9"
"329","진실은 무엇이었을까 생각하게 되는 영화였다.그나저나 저런 사건을 맡는 변호사들은 심리적으로 정말 극한 직업일듯;;  ","7"
"330","관람객살인이란 스릴러물을 범죄자의 심리 자체를 파고들어 재판 현장에서 일어날 수 있는 모든 가능성에 대해 진단한 심리극이다~~  ","8"
"331","관람객후쿠사마의 건조하지만 진정성 있는 연기  ","8"
"332","연기력 정말 대단합니다, 일본영화 특유의 각본과 영상!  ","9"
"333","진실이 무엇인지는 중요하짚않았던 영화  ","10"
"334","관람객깊이있는 주제, 뛰어난  연기, 예술적 촬영의미있는 영화  ","10"
"335","관람객이전 작품과는 다른 어색함이랄까? 제목의 의미를 생각하게하는 영화임  ","6"
"336","관람객믿고 보는 감독님 배우들의 연기력이 뛰어납니다  ","9"
"337","일본 법조계의 실정과 진실은 무엇인가, 사람이 사람을 재판할 권리가 있는가, 사람이 태어나면서 가지는 성질이 변할수있는가 등 보는 관객들에게 끊임없이 질문하는 영화. 고레에다 영화의 히로세 스즈는 눈빛만으로도 보는 사람의 마음을 움직이는 힘이  있다  ","10"
"338","길위에 우두커니 서서 아 씨..ㅠㅠ 그게 무슨 소리야 라고 생각중인 주인공의 마음과 관객의 마음이 같아지는 장면 압권이네요  ","8"
"339","관람객아...오....음...아하  ","8"
"340","관람객이 감독이 이렇게 변할줄이야.  일단 훌륭한 시도  ","10"
"341","자신의 스타일을 유지하며 새로운 장르를 성공적으로 선보인 감독님에게 존경을 보냅니다  ","10"
"342","고레에다 감독의 필모그래피 중 가장 서늘한 시선으로 극을 이끈다. 영화가 진행될수록 모호해지고 흔들리는 믿음과 진실의 간극. 마지막 씬에서 감독이 관객에게 이런 질문을 묻는 것처럼 느껴졌다. &#39;당신이 믿었던 인간의 진실이란 과연 선한 것인가?&#39;  ","8"
"343","관람객사법의 세계와 부당함, 죽음을 앞둔 사형수의 마지막 인정, 그를 쫓아가며 인간성에 댛 고찰하는 변호사. 큰 돈이나 눈뽕 없이도 잔잔하게 긴장감을 이끌어내고 각종 요소를 적재적소에 박아 넣은 걸 보면 고레에다 감독은 진짜 천재인 듯.  ","10"
"344","관람객답을 찾으려하지 않고 영화의 메세지에 집중해서 보면 재밌다  ","8"
"345","관람객천천히 오랫동안 곱씹게 만든다. 진실과 판단, 사회적 시스템을 숙고하게 하는 영화  ","9"
"346","관람객인간은 텅빈 존재고, 그 빈 공간은 타인의 존재로 채운 다는 것. 타인으로부터 이해나 구원받지 못한 살인범의 심판은 스스로에 대한 죽음. 진실과 공리의 그늘아래 감춰진 세 번째 살인 동기.  ","7"
"347","이거 머~ 아이디어 없고 방구석에 앉아 어거지로 짜낸 시나리오라 생각들었음 철학도 없고 과학도없고. 심리도없고~재미도없고~ 다만 배우들 연기 잘하네 ㅎ  ","2"
"348","단순 살인마 vs 정의의 심판. =&gt; 영화는 살인의 동기를 추적하는 시게모리의 시점을 따라가며 인간이 인간을 심판하는 사법제도의 맹점을 비판하고, 마지막 면회에서 단순 살인마라는 결론으로 인간의 이성을 세번째로 살인한다.  ","9"
"349","샇인 사건을 다룬 법정 드라마 임에도 지루하게 전개되는군  ","1"
"350","심판하지 않고 심판 받는 존재지만, 심판 받는 불합리한 제도를 이용해 스스로에게 심판을 한 미스미...  ","10"
"351","관람객생각이 많아지는...  ","9"
"352","진실이 무엇인가? 진실없는 저울질만  ","8"
"353","무겁고, 서늘하다.쉽게 답할 수 없는 질문을 받은 이 느낌이 싫지만은 않았던 영화  ","9"
"354","몰입력은 아주 좋다. 짧지 않은 러닝타임동안 차분하게 전개되었고 연출력 또한 상당한영화인것은 분명했다. 일본영화 특유의 안정되고 침착한 전개 스타일을이 참으로 좋았한다.하지만 결말은 오픈이라고 할 수 있다. 이리저리 생각해봐도 도무지 결말이 맺  ","8"
"355","하나도 지루하지 않았다... 고빠라 그런가? 고레에다가 하고 싶은 말은 죽였는지 아닌지가 아니라 인간이 인간을 심판할 수 있느냐는거다...  ","8"
"356","영화 내내 똑같은 메시지만 반복.. 결론까지;;  ","7"
"357","정답은 영화 제목에 있네... 변호사를 놀려서 변호사를  정신적으로 세번째 살인 한거임....  ","10"
"358","어쩌면 진실은 중요하지 않은 이야기. 덤불 속. 진중하고 묵직한 물음을 주는 일본 사회파 드라마에 목말랐었는데, 그 갈증을 시원하게 해결해주었다. 분야는 다르지만 고레에다 히로카즈의 감성은 일맥상통.  ","10"
"359","사건의 진위 여부나 범인이 누구인가를 다루는 법정 영화와는 다르다. 히로카즈 답게 이런 장르에서도 인간 본연의 탐구에 초점을 맞췄다. 인간이 저지른 죄를 인간이 벌 할 수 있는가 하는 의문부터 성악설, 성설선에 이르기까지 철학적 사유로 점철된 영화.  ","7"
"360","인간성이 제거된 시스템이라는 빈그릇  ","9"
"361","관람객고 감독의 영화치고는 매우 무거운 분위기 배우들의 연기가 돋보임  ","8"
"362","당신은 얼마나 흔들리지 않을 자신이 있는가?  ","8"
"363","관람객저녘에 혼자서보면 좋은영화인거같습니다.고레에다 감독님의 다른느낌에 감성을 느낄수있는영화  ","8"
"364","관람객몰입도 짱보고나서 많은 생각이 드는 영화철학적이기도 하고  ","10"
"365","봤는데, 무얼 얘기하는지 도통?  ","4"
"366","관람객의도와 전달방식이 깨끗하고 선명한 불친절한 것 같지만 너무나 친절하다영화 공부하시는 분들에게 꼭 한 번 보시라고추천하고 싶다  ","8"
"367","관람객영화를 보고 났는데 왜 이리 마음이 착찹한지인간이, 누가 누구를 심판할 수 있을까  ","10"
"368","관람객생각할 거리를 던져주는 영화  ","10"
"369","관람객고레에다 히로가츠 감독의 색다르지만 또한 어느면에선 일관성이 느껴지는 영화인 듯하다  ","8"
"370","관람객고레에다 감독식의 사람에 대한 고찰  ","9"
"371","관람객조금은 지루할 수 있는 스토리텔링, 그러나 연출력엔 변함없었다. 마지막 장면이 압권이었다. 시게모리는 앞으로 어떤 변호사가 될 것인가.  ","9"
"372","관람객오랜만에 일본영화 .볼만하네요  ","8"
"373","관람객끝까지 집중해서 보았습니다.  ","8"
"374","관람객개꿀잼. 영화관에서 다시 할 때 꼭 보시라  ","9"
"375","관람객정말 최고의 영화였습니다.관객이 집중을 안할수가 없게 만든 영화 파격적인 연출력도 굿  ","10"
"376","관람객역시 고감독님!!! 조용한 큰울림  ","9"
"377","관람객진실을 무엇일까? 땀을 쥐게 만든다.  ","9"
"378","관람객법은 심판을 하려하고, 마음은 구원을 하려하고  ","9"
"379","관람객생각을 하게 해주는 이야기네요.  ","8"
"380","관람객기억에 남을만한 영화....  ","10"
"381","관람객처음 영화를 보고 나오면서 어딘가 개운치 않아 여러 리뷰들을 찾아보았고 다시 보고싶고 더 깊게 이해하고 싶었던 영화  ","9"
"382","관람객혼란@_@ 진실찾기에 연연하면 안됨  ","6"
"383","일본에서 영화개봉과 함께 발매된 동명의 노벨라이징 소설에서는  미스미의 고등학교 재학 시절, 그의 아버지가 집에 화재가 발생해 불에 타 죽는 다는 내용이 나온다고 한다. 미스미의 살인은 항상 불이 등장한다.  그럼?  ","9"
"384","관람객촬영기법이며 전달하는 메세지며 단연 고레에다 히로카즈라고 생각하게 만드는 영화였습니다^^ 잘 봤습니다.  ","8"
"385","관람객코끼리의 진실과 소송 경제. 사이에 , 아무도 해결하지 않는 죽음  ","8"
"386","관람객진실은 알 수 없지만,사법제도의 정당성에 대해서 다시 생각해보게된다.생각 고민 할 수 있는 영화다  ","9"
"387","관람객극을 보는 내내 도대체 진실은 뭐지?! 궁금했지만 그것이 초점이 아니었다는 결론이다. 디테일한 무드 매니지먼트와 좋은 연기로 풀어낸 극을 보고 심판이니 구원이니 하는 문제는 우리의 숙제인 격.  ","9"
"388","관람객사법권에 대해서 많은 생각을 하게 만드는 영화였습니다. 다만 전개가 약간 지루한 부분이 있는 것이 아쉽네요.  ","7"
"389","누가누구를평가하고심판할수있을까  모두가 불완전한데 ..배우들의 연기와 스토리와 끝까지 이어지는 긴장감에 감탄한 영화  ","10"
"390","관람객영화관을 나오는 길에 벽에 붙은 포스터의 제목을 보고서야 &#39;아차!&#39; 싶은 느낌, 뭔가 뒤통수를 치는 느낌...어쩌면 세 번째 살인은 살인자의 결백을 끝끝내 믿지 못하고 사형을 선고한 우리의 통념일지도...  ","10"
"391","애매모호한건 딱 질색인데 고감독님 일부러 n차찍게 만드려고 요렇게 만든듯ㅋ 근데 몇번을 봐도 답을 못찾을 답이 있기나한건지도 모르겠슴  ","10"
"392","관람객&#39;텅 빈 그릇&#39;에 우리가 담는 것은 무엇인가! 의심을 통해 휴머니티를 성찰하는 좋은 영화였습니다!  ","10"
"393","관람객진실이 정말로 뭔지..?사람이 사람을 심판해야만하는...  ","10"
"394","관람객역시 기대한만큼 이였어요 굿굿 입니다추천합니자  ","10"
"395","관람객많은생각을하게 합니다  ","10"
"396","관람객잘모르겠어요,,넘어려웠어요,,  ","3"
"397","관람객생각보다 루즈한.줄거리 고레에다 히로카즈감독이 주는 연출력은 좋았지만 내용자체가 긴박하거나 짜임있는 스토리였는지는 모르겠다  ","5"
"398","관람객굉장히 신선한 영화인듯  ","10"
"399","관람객오디오는 좋았지만 기대에 못 미쳤던 영화  ","5"
"400","관람객좀어려운것같네툐ㅠㅠ  ","5"
"401","관람객끝나고 나면 더 생각나는 영화  ","10"
"402","잔잔 하지만 뛰어난 몰입감. 진실에 도달하려는건  살인사건의 범인일까?  ","9"
"403","관람객도랑에 빠진 코끼리는 아무도 구해주지 않는다, 빈 그릇에 무엇이 담겨있는가만을  바라보는 세상을 그려보았던 영화였다.  ","9"
"404","관람객생각보다 굉장히 재밋게봤어요! 강추~~~  ","9"
"405","이상하게 자꾸 생각나게한다.그리고 뭔가 자꾸 맴돌게 한다.영화를 본후 느껴지는 답답함과 가슴한켠의 먹먹함은 무엇일까??  암튼 많은걸 생각나게 한다.  ","9"
"406","모든 생각을 쏟게하는 영화~!  ","9"
"407","관람객결말이 무척 마음에 들었다  ","8"
"408","재밌음. 나는 전혀 아니었지만, 일반적으로 지루하게 보일 수도 있음.자극적인건 거의 없고, 심리 상태나 여러 장면들에 대해 스스로 생각하면서 보게 되는데 그게 참 좋았음.  ","10"
"409","&#34;누군가를 심판하는 것은 누가 결정하는가?&#34;&#34;인간이 과연 다른 이를 심판할 수 있는가?&#34;치밀한 플롯과 배우들의 열연과 호연, 짜임새 있는 스토리, 끊임없이 의문을 갖게 하는 영화네요.세 번 관람했는데, 그 때마다 새로운 해석과 의문이 생기네  ","10"
"410","관람객인간의 선함을 믿을려고한 어리석은 선한자의 고뇌  ","8"
"411","관람객진실이 무엇인가를 고민하게하는 영화였습니다..  ","9"
"412","관람객역시 거장의 작품이군요.  ","8"
"413","관람객심판은 누가 하는것이냐는 물음이 가슴에 남는다  버우들의 연기와 분위기를 돋우는 배경음악 감독의 위트가 넘친다  ","8"
"414","관람객고레에다 히로카즈만의 느낌이 있는 영화였습니다. 끝까지 알수 없는 진실앞에서 갈등하는 주인공의 모습 또한 인상적이었습니다.  ","9"
"415","세번째살인은 재판부에  의한 사형선고를 의미하므로  누가 진짜 살인자인가는 중요하지않은 영화 다만    그래도 내가 하지 않았어 라는 영화와 견주어봤을때 상당히 못난 영화  ","5"
"416","관람객합리적인게 꼭 진실과 가장 가깝지 않을수도 있다  ","8"
"417","네버 평점이 좋아서 봤는데 제 타입은 아니네요 볼만은 했지만 일부러 영화관 가서 볼만하진 않았어요 전 별루였습니다 범인이 확실히 누구냐고!!! 나만 모르나;;;  ","4"
"418","관람객무겁고 느려 영화의 재미를 못 살림  ","4"
"419","관람객기대한 작품인데 생각보다 지루한면도 있고 내용도 애매모호하여 조금 실망했다.  ","6"
"420","관람객잘모르겠습니다잘몰라서 계속 이래저래 생각래볼수있어서 좋아요  ","8"
"421","관람객진실을 알려고 하지 않은 그 곳에 고레에다의 방식으로 우리를 끌어들였다.  ","10"
"422","관람객넘어려워요ㅠㅠ   간간이 유머가있긴했지만...  ","6"
"423","관람객영화 제목에 답이 있다.  ","8"
"424","세 번째 살인! 영화를 보고나면 이해되는 절묘한 제목! 마지막 유리벽 장면은 조용한 전율!  ","10"
"425","관람객의미와 메시지가 머리 속에 콕 들어왔지만 심장까지 내려가는데에는 부족했다  ","8"
"426","고레에다 감독 영화는 역시..17년 꼭 봐야할 영화인듯  ","9"
"427","한 단계 더 나아간 질문들  ","10"
"428","생각하게하는 영화 네요..  ","8"
"429","영화를 다 보고 나서도 범인이 누구인지는 각자의 마음속에서 결정되는 영화다. 범죄를 저질렀을때, 누가 무엇을 기준으로 잘못했다고 판단할 수 있는 것인가? 살인사건도 잔잔하고 정적일 수 있다.  ","9"
"430","고레에다 감독 영화는 믿고보는 영화인거 같애요. 간만에 영화다운 영화 봤네요~~  ","10"
"431","고레에다 감독 이분은 정말...  ","10"
"432","항상 잔잔한 가족영화가 아니여서 더 좋았던 것 같다. 계속 끝까지 집중하게 되고 끝나서도 긴 여운이 남는 그런 영화  ","10"
"433","전이번영화보면서요후반부장면에서번복하고나서마지막재판부에서사형선고받고나서요엔딩장면은봐도마음이무거운영화였어요 ㅋ  ","10"
"434","고레에다식 드라마가 서스펜스를 만나니 흥미롭네요  ","8"
"435","보고 나오는 순간 다시보고싶어지는 영화네요.  ","10"
"436","드디어 그가 돌아왔어욧. 몇년간 고여있던 고레에다 강물이 다시 줄기를 만들어 터져나가기 시작했네요!  ","10"
"437","고감독님 영화의 또다른 색깔을 본듯  ","10"
"438","고감독님 스타일이 역시나 묻어난!! 고레에다식 스릴러!!  ","10"
"439","진실을 심판할 자격은 누구에게 있는가  ","10"
"440","영화를 보고 나오면서 계속 여운이 남는다. 한번 더 봐야 감득님이 얘기하고자 하는 것을 알것도 같고~~  ","10"
"441","감독 후광 지우고 보면 평작도 안될 영화..  ","5"
"442","시간도 길고 그냥 졸림 ㅎㅎ  ","5"
"443","관람객그저그랬....ㅠㅠ  ","5"
"444","관람객배우들의 연기가 일품! 잔잔하게 섬뜩하게~  ","8"
"445","배우들의 연기력과 연출로만 끌기엔 너무 지루했다  ","6"
"446","이번 작품을 보며 삶과 죽음, 진실과 정의, 심판과 구원 그리고 믿음에 대해 수많은 생각을 할 수 있었다. 눈물을 흘리며 참회하듯 고백하는 이의 말도 진실이 아닐 수 있다. 진실은 당사자 만이 아니까.  ","10"
"447","결론을 명확하게 보여주지는 않는다. 세번째살인이라는 제목에서 유추한다면 진실에는 무관심하면서도 인간들 스스로를 보호하기위한 의심, 편견, 심판을 합리화하는 심리를 살인자는 스스로를통해 조롱하는듯했고 합리성이라는 사거리에서 혼동하는 인간의 모습을 보았다  ","9"
"448","세번째살인.. 기대됩니다  ","10"
"449","믿고 보는 고레에다 히로카즈 감독  ","10"
"450","근처에 상영관이 없어서 광화문 씨네큐브에서 봤는데 영화는 기대한만큼 재밌어요 ! 상영관 좀 많았으면 좋겠네요....  ","10"
"451","관람객진실에 다가가고 싶다면 그들의 &#34;입&#34;이 아니라, &#34;손&#34;의 움직임을 주시해야 한다.  ","10"
"452","결말이 궁금해 끝까지 봤다.   지루함을 각오하고 봐야된다  ","6"
"453","쓰레기, 질문만 던져놓고 불편하게 만든다. 그걸 좋은 영화라고 하는 이들에게나 좋겠지  ","1"
"454","재미없어요 지루함마지막 반전을 기대했건만  ","2"
"455","관람객사람이 사람을 단죄할 자격이 있는가. 그건 누가 정하는 것일까. 법정의 민낯과 열린 결말. 지루하지 않은 러닝타임.  ","9"
"456","정말 졸음을 참기 어려웠다.  ","4"
"457","몹시 지루했다 . . . 평점에 속았다. . .  ","1"
"458","관람객조금만 더 물러서서 관찰했다면  ","5"
"459","고레이다는  좋아하지만  ","6"
"460","자력구제는 필요함~!  ","8"
"461","별다른 반전이 없고 그냥 수수하게 흘러가네...  ","5"
"462","결론은뭐야? 왜죽인거야? 앙?  ","8"
"463","결말해석을 봐야 좀 이해가 되는듯 뭔가 잘 만든듯 하면서도 먼가 조금은 아쉬운 내용  ","8"
"464","히로카즈의 변신은 아직 미완성~  ","4"
"465","끝까지 보는게 힘들었다. 사건에 대한 진실과  조사는 거세하고 인간이 인간을 판단하고 심판할수 있느냐는 끝없는 고뇌뿐, 마지막 5분에선 자칫 진부하다 느낄수도...  ","6"
"466","연기는 잘하네.근데 너무 열린 결말을 만들어 놔서 답없게 만들었네  ","9"
"467","어우 지루해. 뒷부분에 뭔 대단한 내용이 숨겨져있는지 모르겠는데, 중반부까지 보다가 지루해서 껐다.  ","5"
"468","관람객생각보다 지루했다. 약간 진부하기도.  ","7"
"469","보고 싶은 것만 보고, 믿고 싶은 것만 믿는, 어리석은 인간들의 굴레  ","6"
"470","관람객고레에다가 삶을 지나, 진실을 두드리다.  ","8"
"471","관람객수준높은 관객이 요구되는  ","6"
"472","관람객연출력이 살린 영화였다는 느낌...  ","6"
"473","관람객실망스러운 졸작이었다.  ","6"
"474","관람객각자의 삶, &#39;진실&#39;의 불완전함, 그리고 감독이 계속해서 탐구해온 삶과 죽음에 대한 고찰 등 영화 내내 던진 철학적 질문에 충실히 답합니다. 미학적인 아름다움도 뛰어나 노골적인 연출인데도 불구하고 호흡을 멈출 만큼의 긴장을 줍니다.  ","8"
"475","이건 뭐.. 보이는대로 느낄수도 없네  ","5"
"476","관람객감독의 욕심이 과했거나 나의 기대가 컷거나 그 사이 어딘가  ","5"
"477","관람객조금 어렵네요.. 메시지가 명료하지 않은것 같아서..  ","6"
"478","관람객살인이라는 정의는..  ","8"
"479","관람객잘 모르겠다...숙면했네요  ","5"
"480","관람객과한 설정이 이해가 안된다  ","6"
"481","관람객심오하며 억울함이 밀려온다  ","10"
"482","관람객역시는 역시... 정말 인상깊게봤습니다  ","10"
"483","관람객가족영화가 아니지만 소재 외에는 그리 변하지 않은 고레에다히로카즈의 영화라고 생각했습니다.  ","8"
"484","관람객그의 세번째 살인은 자살이겠죠  ","9"
"485","관람객고레에다 히로카즈의 다른 얼굴, 같은 이야기  ","8"
"486","관람객정말 재밌게 봤습니다 여러분도 꼭 보세요  ","8"
"487","너무 기대해서 그런지 생각햇던거보다는 아니지만 재밌었습니다. 혹시 이거 브금 알수잇나요?  ","9"
"488","관람객누가 누구를 심판할지 누가 결정하는가.  ","9"
"489","관람객영화 볼 때 사실 집중을 잘하는 편은 아니지만...이 영화는 처음부터 끝까지 긴장하며 봤네요  ","10"
"490","관람객잔잔한,사형제도찬반,의심  ","8"
"491","관람객스릴러나 서스펜스는 아니다.  ","8"
"492","관람객고레에다는 고레에다다  ","10"
"493","관람객최고다 생각할 거리를 주는 영화예쁜 히로세스즈  ","10"
"494","관람객배리베리굳무비. 역시  ","10"
"495","관람객정말 재밌는 영화였습니다  ","9"
"496","고레에다의 차분하면서도 조여오는 스타일이 참 맘에 들었다. 곱씹게 되는 영화. 다시 보고 싶다. 계속 떠오른다. 여운이 참 대단한 영화.  ","9"
"497","관람객세상에 진실이 어딨을까?자기만의 관점에서 진실이라고 믿는 것일뿐이전과는 다른 풍의 감독님 작품  ","8"
"498","관람객사법제도에 대해 많은 생각이 들게 하는 영화  ","10"
"499","잠시동안의 외도가 아니라 어쩌면 또다른 고레에다월드의 시작.철학적질문을 넘어 사회적문제까지 끌고 온다 그 법정으로. 답이 중요한게 아니라 답을 찾는 그 과정속에 어느 순간. 이 영화는 빛이난다. 하지만 이내 다시 컴컴한 심연으로. 진실은 맥거핀이 된다  ","8"
"500","관람객고레야다만의 색깔이 넘어선 걸작  ","8"
"501","관람객예상했던 감동은 없었지만 새로운 질문을 받은 느낌!  ","8"
"502","관람객진실은 하나지만, 누구의 옆에서 바라보느냐에 따라 다르게 보이고 다르게 믿는다. 모든 사람이 똑같은 진실을 믿는 것이가능할까? 영화의 카피라이트처럼, 누구나 자신이 믿고 싶어하는 진실만이 존재하는 것은 아닐까?  ","8"
"503","관람객뭔가 묵직한것이 가슴을 누르는듯한...  ","8"
"504","관람객촬영 짱이다. 고레야다히로카즈 감독의 영화는 생각하게 하는 힘이 있다.  ","8"
"505","관람객일본 배우들의 차분한 연기는 언제봐도 굿  ","8"
"506","관람객고레에다 히로카즈 감독에게 경의를 표합니다. &#39;진실은 무엇인가&#39;라는 끊임없는 물음을 통해 &#39;인간은 무엇인가&#39;에 대해 생각하게 하는 영화입니다. 후쿠야마 마사하루와 야쿠쇼 코지의 손에 땀을 쥐게 하는 연기는 잊혀지지 않을  것입니다.  ","9"
"507","나를 다시 돌아보고 .. 삶을 다시한번 생각해봤다  ","8"
"508","관람객맹인모상.  그런데 코끼리 전체를 보는 사람은 있는 걸까? 전체를 볼 수 있는 존재는 존재하는 걸까?  ","10"
"509","관람객영화에서 답을 말해주지 않는 질문을 끝까지, 아주 끝까지 궁금하게 만든다.  ","9"
"510","관람객믿고보는 히로카즈감독작품 영화끝나고도 계속 생각하게 만드네요.  ","9"
"511","관람객생각을 많이할 수 잇는 영화  ","10"
"512","관람객자칫 뻔할 수 있는 법정극을 감독 고유의 문제의식으로 집요하게 끌고 가는 미덕과 아름다운 영상미가 돋보이는 수작이다.  ","9"
"513","관람객고레에다 히로카즈 감독의 새다른 면모를 볼 수 있었습니다. 진실을 마주하는 건 때론 누구에게나 어렵습니다. 그것이 본인에게 불편한 진실일 때, 믿고 싶지않은 진실이라면 더더욱 그렇습니다. 과연 진실은 우리를 심판하고 그 심판은 누가하는 것일까요  ","9"
"514","관람객진실을 마주하는 법을 알아야하는건 누구였을까  ","9"
"515","관람객움숭 깊은 주제가 심금을 울림니다.영화를 보고 말없이 걷고 싶었답니다.좋은 영화 감상 잘했습니다.  ","9"
"516","관람객무엇이 진실인지, 누가 사람을 심판하는지 참 깊은 생각을 하게 되는 영화였어요  ","9"
"517","관람객무엇이 진실인지에대해서 생각해보게되는영화. 과연 답은 있는것인가. 정답만을 쫓았던것인가. 명확한 어떤것만을 추구했던것인가에 대해 생각해보게 됩니다  ","8"
"518","관람객제목이 압권 이네요!!!!  ","10"
"519","관람객좋았습니다 그럭저럭. 재미는 있다가 없다가 하네요  ","8"
"520","나루호도!!なるほど！！成る程！！  ","10"
"521","관람객변호사에서 변호인이 되어가는 과정.  ","10"
"522","관람객고에이다 히로카즈 감독의 차갑고 싸늘한 영화. 탄탄한 이야기가 역시 몰입도를 높이게 해주었다.  ","8"
"523","관람객굉장히 잔잔하고 좋은 영화네요.  ","10"
"524","관람객무엇이 진실인지 찾고하 하는 열망은 알겠으나, 진실의 진실에 꼬리를 물다보니 무슨 의미가 있겠냐 싶은 생각이 들기까지도 한다.  ","8"
"525","관람객잘봤어요. 인상깊었습니다  ","10"
"526","관람객가장 보호받아야 할 가족에게 고통받는 소녀와가족에게 씻지 못할 고통을 준 살인범의 만남을통해 인간 구원의 메세지를 잔잔하게 그려낸 영화.  ","6"
"527","관람객스토리 음악 영상 모든것이 완벽  ","10"
"528","(평점개편) 고레에다가 만들면 다르다.  ","9"
"529","관람객서스펜스 속에도 사람이 담겨있는 그의 영화  ","9"
"530","관람객따뜻한 가족애를 다뤘던 여태까지의 감독영화와는 달리 서스펜스라는 장르가 생소했지만, 구원과 심판이라는 주제가 담긴 의미있는 영화였습니다. 몰입도 있게 잘봤어요~  ","9"
"531","관람객배우의 연기 보다 대사 한마디 한마디에 집중하게 되는...여운이 남는...  ","9"
"532","진실 위에 군림하는 진심. 그가 보여주는 이야기는 늘 철저하게 마음에서 시작된다.  ","9"
"533","결국 사람은 믿고 싶은 것을 믿는다.  ","9"
"534","관람객불안정한 인간의 판단이란 ...  ","9"
"535","관람객깊어요 깊어. 유리에 비치는 두 주인공의 모습이 인상적입니다  ","8"
"536","관람객다소 지루한 감이 있긴 하지만 되새겨볼 수록 좋을 듯한 영화  ","8"
"537","관람객계속 생각하면서 봐야 할 양화  ","8"
"538","관람객많은 생각을 하게 한 영화...  ","8"
"539","명작이고 걸작이다 진정 감동..  ","8"
"540","관람객사는거 보여주는 영화 인간에게 있어야할 것을 말하는 고레에다10점입니다  ","10"
"541","관람객적어도 두번 이상 보게 만드는 영화  ","10"
"542","관람객역시는 역시입니다ㅎㅎ  ","8"
"543","관람객크...고레에다상 늘 사랑합니다  ","10"
"544","차가운 진실을 정면으로 볼 수 있는 사람은 없다. 그럴거라 생각할 뿐이다.  ","10"
"545","관람객빈틈이 없는 영화.. 최고에요  ","10"
"546","관람객정말 잘봤습니다. 고레와 히로카즈 짱  ","10"
"547","관람객끝까지 진짜 범인이 누굴까 궁금해하다가 끝나버린.. 그래도 무계감있는 배우연기와 과하지않는 감정과 분위가 좋았음  ","8"
"548","관람객내용이 너무 어려웠어요.  ","8"
"549","관람객배우들 연기.화면 연출..  인상적이었고.. 스토리 후반으로 갈수록  관객을 혼란시키는데..  그 여운이 계속 남네요.  ","8"
"550","관람객다른 듯 닮은 두 남자가 어쩌면 &#39;한끗 차이&#39;로 정반대의 삶을 살아간다. 브로맨스를 뛰어 넘는 후쿠야마 마사하루와 야쿠쇼 코지의 불꽃 연기 대결이 아름답다. 고레에다는 역시 고레에다였다.  ","8"
"551","관람객다시 찍은 &lt;환상의 빛&gt;  ","10"
"552","관람객역시 명불허전 고레에다 감독님  ","10"
"553","관람객느리지만 인간 본질에 대하여  ","8"
"554","관람객연출! 미장센!! 연기!!! 올 해 최고의 영화^^  ","10"
"555","관람객수많은 질문들이 계속 주어지는데 쉽게 답할 수 없을 정도로 민감한 주제들이다. 사형제도는 옳은가. 변호사로써 의뢰인의 진실을 믿어줄 수 있는가. 윤리의식은..등등...좋은 생각할거리를 던져준 영화였다.  ","8"
"556","관람객구슈규수어루러로로륙  ","8"
"557","관람객나냐배자쥬버미바배비부맘  ","8"
"558","관람객이해와 타협 속에 가려지는 진실. 결국 믿는 것을 믿을 수 밖에.  ","8"
"559","열려 있는 결말을 느낄 수 있게 사건을 섬뜩할 정도로 담담하게 그려냈다.  ","8"
"560","관람객전작들에 비하면 능숙한? 느낌은 아무래도 덜하지만.. 그래도 고레에다 히로카즈 감독을 계속 지켜볼 수 있게 하는 작품이었음. ㅎㅎ  ","8"
"561","관람객진행 느리지만 생각을 많이하게 하는 영화  ","8"
"562","관람객라쇼몽의 현대판 같은 느낌!다만 추리, 서스펜스를 기대했다면 실망할 것이다.우리가 받아들이는 진실에 대해 생각해볼 수 있는 시간이었다.  ","8"
"563","사람냄새나는 법정드라마  ","10"
"564","관람객정말좋은영허ㅏ네요.ㅇㅋㅇㅋ  ","10"
"565","무겁고 느리다.. 하지만 내가 이 감독님의 영화를 찾아보는 이유.. 그의 첫 스릴러는 그 다웠다.  ","8"
"566","사건이 아닌 사람에 집중한다. 진실이 아닌 진실을 앞에 둔이해와 관계에 집중한다.  ","8"
"567","진실,구원,단죄의매개체를뫼비우스의띠로만들어내다.하지만날카롭게옥죄어온다!단연코올해최고의영화후보  ","10"
"568","초반에 느슨한 전개에 졸려서 집중하기가 힘들었는데, 엔딩신에서 놀라움을 안겨주고 질문을 던지는 느낌으로 영화가 끝났다. ps.이동진 평론가의 해설이 없었다면 이 영화의 질문을 반도 이해 못했을 것이다.  ","8"
"569","상징으로 점철된 영화.  ","8"
"570","느슨하게  감다  어느새  튕겨져버릴거 같은  팽팽함 메시지를 많이 던져주는  영화였습니다  ","10"
"571","상처가 나더라도 인간의 심연으로 나아가는 영화의 여정. 세 배우의 연기도, 고요하지만 임팩트있는 연출도 기대를 저버리지 않는다.  ","9"
"572","관람객누가 죽인 것일까? 그것이 문제로다.  ","10"
"573","관람객전작 중 최고. 그의 영화 하면 떠오르는 이미지를 뛰어 넘었다.  ","10"
"574","관람객재관람하러 갑니다.흥미진진  ","9"
"575","관람객사람에 대해 차가운 듯 따뜻한 시산 진실은 누가 말하나요?  ","10"
"576","관람객두 배우의 연기 좋다두고두고 비밀에 쌓인 결말이 좋다  ","9"
"577","관람객진솔한 감정이 느껴진다  ","10"
"578","역시 고레에다 감독님. 연말에 꼭 봐야할 영화!  ","10"
"579","보고 나오는 순간...한 번 더 보고싶어지는 묘한 매력. 굉장하네요.  ","10"
"580","내인생 갓영화...더이상 뭔말이 필요할까..  ","10"
"581","가장 정의로워야할 법정에 진실은 없다는 말이 와닿네요 ~  여러가지를 곱씹게 하는 영화  ","10"
"582","고레에다 감독님의 영화는 늘 마음의 울림을 주었는데,  이번 영화&lt;세번째 살인&gt;도 역시 기대를 져버리지 않네요.  ","10"
"583","세번째살인.. 정말 인상깊게 잘  봤습니다  ","9"
"584","감독 특유의 다큐감성(?)이  이번 영화에도 들어나길 바라며.... 캐스팅은 뭐 일본영화 안에서는 어벤저스급...  ","9"
"585","진실과 법에 대한 고찰, 일본영화 특유의 지루함이 잘 묻어나있다.  ","3"
"586","뭘얘기하려하는건진 알겠는데 일본영화 특유의 겁나 지루함 전개가 좀 빨랐다면 대중적으로 더 높은평가가 있었을텐데 아쉽다  ","6"
"587","뭔가 잔잔하게 몰입감 있는 분위기 때문에 계속 보려고 시도는 했는데 지루해서 시간 넘기면서 봤습니다. 결론은 더럽게 재미 없습니다.  ","5"
"588","중간에 포기할만한 영화인대 끝까지 보게 만드는 재주가 대단하내 주제는 이해하지만 법정은 누굴 심판하는게 아니라 법리를 가지고 다투는 자리라 생각함  ","5"
"589","분위기로 메세지를 억지로 끌고 간 영화.  ","6"
"590","주제의식에 대한 깊이감은 그다지 느껴지지 않는다.  ","5"
"591","관람객메세지도 연기도 연출도 부담스러웠어요  ","5"
"592","관람객막 내용이 별로라고는 할 수 없으나... 아 졸립다. 그리고 졸리우며, 그리고 졸립다.  ","5"
"593","분위기도 보는 내내  음침하고 지루해서 자막읽는데 읽혀지지도 않는다  ","1"
"594","너무 지루해서 중간에 나와버렸네요.  ","1"
"595","주워담지 못할 자, 흩뿌리지 말지어니.  ","3"
"596","절대 비추. 연극에 가까운 지루하고 긴 대사와 롱샷 롱테이크. 의미있는 메시지를 너무 지루하게 풀어냈다. 절대 비추다..  ","3"
"597","영화 곡성보는느낌... 의심만하다 지침 이딴걸 영화라고?  집에가서 봐라 돈아깝다  ","3"
"598","라쇼몽으로 시작해서 죄와벌이 되더니 25시, 하연거탑으로 끝을 맺는다. 위의 4작품을 믹서기에 넣고 갈아마신 느낌?  ","8"
"599","관람객결국,이영화에서도,부성애.그건가,  ","9"
"600","뭔 소리를 하고 싶은건지  ","1"
"601","진실을 누가 정하긴 개뿔, 구라안치는 사람이 정하는거지  ","2"
"602","일본영화 이래서 안 봤었는데 또 이러네 겁나 지루해 차라리 우리나라처럼 막장을 해라 진짜 일본 영화 본 거 자체가 솔직히 별 의미없고 재밌을 거 같앗는데 똑같네 나 18살 20년 전이랑 지루한 건 똑같어 졸려 디지겠네  ","5"
"603","있는듯 없는 영화. 졸음만이 있다.  ","5"
"604","이번 만큼은 평론가 평점이 정확하다~그저그런 영화가 되버렸네...  ","6"
"605","다른영화에서 수도없이 나온 메세지를 이런 러닝타임 긴 영화로 표현하려 하니 지루할 수 밖에  ","4"
"606","솔직히 재미없고 지루했고 결말도 애매모호하고스즈 팬이라 본건데 스즈는 몇장면 안나오고..  ","2"
"607","장님이 코끼리 만지는 느낌의 영화.  ","1"
"608","개노잼 시간 아깝고 지루함 별1도 아까움  ","1"
"609","하도 지루하고 재미없어서 1시간보다 나옴 ㅠ  ","1"
"610","후쿠야마 마사하루 때문에 1점 준다. 수어사이드 스쿼드 이후로 이렇게 재미 없는 영화를 영화관에서 본 건 오랜만. 전하고자 하는 메세지는 있는 거 같은데 파악하기가 너무 어렵고 영화 서사도 뭐 이따구인지...  ","1"
"611","어설퍼. 어설프다고.  ","1"
"612","그저 그런..내용에 히로세스즈는 잠깐만 나오는  ","4"
"613","관람객잘 정리해서 보여주지 않는다  ","4"
"614","관람객생각보다 너무 그럴 듯해서  ","6"
"615","관람객잔잔하면서도 많은 생각이 들게하는 영화  ","7"
"616","관람객드릅게 재미없네....  ","2"
"617","잠 옴. 아.. 그리고 잠 옴.  ","2"
"618","관람객몰입감 스릴만점 최고에요  ","10"
"619","으.. 내용 전개도 엉망이고 완전 별로...  ","1"
"620","관람객급박하지도 가볍지도 않으며 너무 과하게 묵직하지도 않게 잔잔히 흘러간다.  이런 고레에다 작품도 좋다.  ","8"
"621","이거 재밌다고 추천해준놈 하...ㅅㅂ 이게 재밌냐? 무게만잡고 배경음악 의미심장한거 깔아놓으니깐 띵작인줄아네...존나 십노잼  ","2"
"622","히로카즈도 못하는 장르가 있구나.  ","1"
"623","관람객설교하지말자. 길다. 느리다.  ","3"
"624","관람객너무나 확실한 메시지 너무나 애매모호한 내러티브  ","3"
"625","영화 개봉 했네 조만간 드라마 나오겠네  ","1"
"626","졸라 지루하고 재미가 졸라 없다. 시간 낭비.  ","4"
"627","전형적인 일본식 싸구려 영화  ","1"
"628","진짜 재미없고.. 지루믿고 갔는데 실망.. 졸려서 잤고요. 돈이 너무 아까웠어요.차라리 옆 상영관에서 하는 &#39; 다시태어나도 우리&#39;를 한번 더 볼껄... 예술이고 뭐고 하나도 모르지만 이거보고 좋다는 사람은 뭐냐.. 진짜 잼없어. 돈 아까워..  ","1"
"629","이런 클리셰와 저런 클리셰가 섞이면 어떴까? 라는 창의적이었던 영화  ","1"
"630","합리적이라 말하는 비윤리적 태도에 대한 진지한 시선  ","7"
